id;name;description;composed_by;artist;album;band;year;copyright;lang;audio_url;video_url;entered_by;last_modified
1;synthesizing Soft robust;card Uzbekistan Sum;e-business;Response real-time;Compatible parsing;Pines;SMTP Checking Account;channels Berkshire tan;GB ROI Total;Ergonomic;eco-centric Steel Practical;Incredible Metal Car;2020-07-14T07:19:27
2;Concrete Gorgeous;compressing Rustic lavender;Direct Libyan Dinar monitor;access real-time Berkshire;Street Rubber;Computers;IB RSS Lead;value-added;Spurs;Home Loan Account Money Market Account;Florida Agent;Knoll Lead redefine;2020-07-14T05:37:27
3;Afghani;bypassing e-commerce Pines;Gorgeous Wooden Chicken turquoise;Rial Omani;gold project;matrix Iowa;Wooden firewall withdrawal;viral leading edge Quality;Granite enterprise;driver open-source;Sausages synergy;Interactions application;2020-07-14T13:43:58
4;synthesizing Mountain;Gorgeous Concrete Salad Internal mint green;Lead;extensible system engine;Auto Loan Account hard drive withdrawal;port revolutionary;Ethiopian Birr impactful Monitored;Soft withdrawal withdrawal;holistic;Investment Account eco-centric Pizza;Latvian Lats US Dollar Armenian Dram;haptic Cambridgeshire one-to-one;2020-07-14T19:39:56
5;whiteboard matrix;Investment Account South Carolina;infomediaries;real-time tan;innovative;Costa Rican Colon rich;policy connect Awesome Granite Keyboard;Auto Loan Account interface;Cambridgeshire;Rue;Movies bandwidth;withdrawal Keyboard SMS;2020-07-14T07:06:18
6;Bedfordshire;discrete brand;National Concrete Missouri;Frozen;Checking Account;Avon;Dynamic backing up;Group;calculating;Producer Massachusetts withdrawal;Innovative;Sleek Wooden Bacon extensible;2020-07-13T23:09:00
7;sky blue SQL sexy;Inlet invoice Syrian Arab Republic;Small program Factors;Horizontal multi-tasking SAS;withdrawal Program payment;Shoes Borders;Kids channels;Guarani Practical Beauty;circuit matrix;Markets facilitate hacking;Iowa;white Borders;2020-07-14T03:19:47
8;GB Libyan Dinar;cross-platform AI;array Configuration program;copy;1080p;navigate Savings Account;extend Cheese;Berkshire;turn-key Station Bike;Tasty payment Web;AGP;Generic solutions Sports;2020-07-14T01:14:16
9;Pakistan Home Loan Account;Soap;turn-key engineer;Checking Account;superstructure Garden;olive lime;utilize;Lead global;Borders New Mexico Gorgeous;Corners;Dynamic Table;Security Manager Extended;2020-07-14T16:29:26
10;transmitting invoice deposit;International Branding Fully-configurable;zero tolerance;Visionary Cambridgeshire Auto Loan Account;solid state;Baht;withdrawal United Kingdom;Indiana;Wyoming;teal Bedfordshire interface;Practical Cotton Tuna e-services;Producer strategic District;2020-07-13T22:50:28
